Continent,performance
Africa,-7.825280859948876
Asia,-8.494271408554027
Europe,1.9720798273468212
North America,-0.2659139955533192
Oceania,-5.025717451907255
South America,-8.064251658568011
